Worker_ID,Name,Qualification,Dept_ID
1,Emily Johnson,Registered Nurse,1
2,Michael Brown,Licensed Practical Nurse,2
3,Sophia Martinez,Certified Nursing Assistant,1
4,William Miller,Registered Nurse,3
5,Olivia Garcia,Home Health Aide,2
6,James Wilson,Physical Therapist,1
7,Ava Rodriguez,Occupational Therapist,3
8,Ethan Jones,Speech-Language Pathologist,2
9,Isabella Taylor,Medical Social Worker,1
10,Liam Davis,Registered Nurse,3
11,Mia Hernandez,Licensed Practical Nurse,2
12,Lucas Perez,Registered Nurse,1
13,Ella Thompson,Physical Therapist,3
14,Noah Martin,Certified Nursing Assistant,2
15,Charlotte Clark,Occupational Therapist,1
16,Benjamin Lee,Registered Nurse,2
17,Amelia Hall,Home Health Aide,3
18,Michael Young,Registered Nurse,1
19,Avery Adams,Licensed Practical Nurse,2
20,Sophie Lewis,Medical Social Worker,3
21,Jack Wright,Certified Nursing Assistant,1
22,Harper King,Physical Therapist,2
23,Daniel Scott,Occupational Therapist,3
24,Evelyn Green,Speech-Language Pathologist,1
25,Owen Carter,Registered Nurse,3
26,Riley Cooper,Licensed Practical Nurse,1
27,Ellie Hill,Registered Nurse,2
28,Logan Ward,Physical Therapist,3
29,Chloe Rivera,Occupational Therapist,1
30,Lincoln Foster,Medical Social Worker,2
31,Aubrey Brooks,Certified Nursing Assistant,3
32,Zoe Murphy,Home Health Aide,1
33,Levi Reed,Registered Nurse,2
34,Stella Coleman,Licensed Practical Nurse,3
35,Isaac Hayes,Registered Nurse,1
36,Layla Bell,Physical Therapist,2
37,Lucas Long,Occupational Therapist,3
38,Zoey Powell,Speech-Language Pathologist,1
39,David Cox,Medical Social Worker,2
40,Ava Gray,Certified Nursing Assistant,3
41,Benjamin Hughes,Home Health Aide,1
42,Ella Perry,Registered Nurse,2
43,William Morris,Licensed Practical Nurse,3
44,Victoria Price,Registered Nurse,1
45,Leo Turner,Physical Therapist,2
46,Grace Ross,Occupational Therapist,3
47,Aiden Fisher,Speech-Language Pathologist,1
48,Mila Brooks,Medical Social Worker,2
49,Jack Simmons,Certified Nursing Assistant,3
50,Luna Alexander,Home Health Aide,1
51,Carter Hayes,Registered Nurse,2
52,Scarlett Cooper,Licensed Practical Nurse,3
53,Julian Diaz,Registered Nurse,1
54,Eleanor Wood,Physical Therapist,2
55,Avery Stewart,Occupational Therapist,3
56,Emma Powell,Speech-Language Pathologist,1
57,Nathan Cox,Medical Social Worker,2
58,Ella Gray,Certified Nursing Assistant,3
59,Lucas Murphy,Home Health Aide,1
60,Chloe Reed,Registered Nurse,2
61,James Watson,Licensed Practical Nurse,3
62,Olivia Hill,Registered Nurse,1
63,Mason Foster,Physical Therapist,2
64,Lily Cooper,Occupational Therapist,3
65,Lincoln Bennett,Speech-Language Pathologist,1
66,Charlotte Ward,Medical Social Worker,2
67,Harper Brooks,Certified Nursing Assistant,3
68,Levi Parker,Home Health Aide,1
69,Luna Ramirez,Registered Nurse,2
70,Luke Gray,Licensed Practical Nurse,3
71,Ella Diaz,Registered Nurse,1
72,Logan Nelson,Physical Therapist,2
73,Evelyn Cook,Occupational Therapist,3
74,Max Perez,Speech-Language Pathologist,1
75,Mia Green,Medical Social Worker,2
76,Liam Stewart,Certified Nursing Assistant,3
77,Emma Kelly,Home Health Aide,1
78,Owen Bennett,Registered Nurse,2
79,Sophia Flores,Licensed Practical Nurse,3
80,Noah Morgan,Registered Nurse,1
81,Chloe Collins,Physical Therapist,2
82,Aiden Rivera,Occupational Therapist,3
83,Layla Simmons,Speech-Language Pathologist,1
84,Alexander Bell,Medical Social Worker,2
85,Luna Carter,Certified Nursing Assistant,3
86,Ella Parker,Home Health Aide,1
87,Avery Powell,Registered Nurse,2
88,Lucas Collins,Licensed Practical Nurse,3
89,Olivia Howard,Registered Nurse,1
90,Ethan Murphy,Physical Therapist,2
91,Ava Alexander,Occupational Therapist,3
92,Noah Perry,Speech-Language Pathologist,1
93,Emma Henderson,Medical Social Worker,2
94,Lucas Sanders,Certified Nursing Assistant,3
95,Scarlett Griffin,Home Health Aide,1
96,Layla Diaz,Registered Nurse,2
97,Owen Morris,Licensed Practical Nurse,3
98,Isabella Bell,Registered Nurse,1
99,Sophia Jenkins,Physical Therapist,2
100,James Reed,Occupational Therapist,3
